name,category,latitude,longitude,address,hours,phone,tags,description,source,updatedAt
上海图书馆东馆,图书馆,31.2039,121.5504,上海市浦东新区合欢路300号,以现场公示为准,,公共图书馆;阅览;自习,开放式阅读空间适合查阅资料安静阅读和短时自习,starter,2026-06-19
上海图书馆,图书馆,31.2073,121.4445,上海市徐汇区淮海中路1555号,以现场公示为准,,公共图书馆;阅读;资料查询,市级公共图书馆适合阅读查阅和学习停留,starter,2026-06-19
徐家汇书院,图书馆,31.1931,121.4342,上海市徐汇区漕溪北路158号,以现场公示为准,,公共图书馆;阅读,位于徐家汇核心区域适合阅读展览参观和学习停留,starter,2026-06-19
浦东图书馆,图书馆,31.2097,121.5448,上海市浦东新区前程路88号,以现场公示为准,,公共图书馆;阅览;自习,浦东新区公共图书馆适合阅读和资料查询,starter,2026-06-19
黄浦区图书馆,图书馆,31.2252,121.4752,上海市黄浦区福州路655号,以现场公示为准,,公共图书馆;阅读,中心城区公共图书馆适合就近阅读和借阅,starter,2026-06-19
静安区图书馆,图书馆,31.2297,121.4488,上海市静安区新闸路1708号,以现场公示为准,,公共图书馆;阅读;自习,静安区公共阅读空间适合安静学习,starter,2026-06-19
长宁区图书馆,图书馆,31.2177,121.4245,上海市长宁区天山路356号,以现场公示为准,,公共图书馆;阅读,服务长宁居民的公共图书馆空间,starter,2026-06-19
杨浦区图书馆,图书馆,31.2666,121.5236,上海市杨浦区长海路366号,以现场公示为准,,公共图书馆;阅读;自习,杨浦区公共图书馆适合学习和阅读,starter,2026-06-19
虹口区图书馆,图书馆,31.2718,121.4861,上海市虹口区水电路1412号,以现场公示为准,,公共图书馆;阅读,虹口区公共文化阅读空间,starter,2026-06-19
普陀区图书馆,图书馆,31.2517,121.3975,上海市普陀区铜川路1278号,以现场公示为准,,公共图书馆;阅读;自习,普陀区公共图书馆适合借阅和学习,starter,2026-06-19
浦东新区党群服务中心,党群服务中心,31.2305,121.5445,上海市浦东新区锦绣路1001号,以现场公示为准,,党群服务;社区活动,面向社区居民提供党群服务和活动空间,starter,2026-06-19
黄浦区党群服务中心,党群服务中心,31.2313,121.4843,上海市黄浦区中山东二路538号,以现场公示为准,,党群服务;社区活动,黄浦区党群服务和社区活动空间,starter,2026-06-19
徐汇区党群服务中心,党群服务中心,31.1884,121.4368,上海市徐汇区漕溪北路336号,以现场公示为准,,党群服务;便民服务,徐汇区党群服务和便民活动空间,starter,2026-06-19
静安区党群服务中心,党群服务中心,31.2292,121.4597,上海市静安区西康路658号,以现场公示为准,,党群服务;社区活动,静安区党群服务和社区共享空间,starter,2026-06-19
长宁区党群服务中心,党群服务中心,31.2203,121.4246,上海市长宁区天山路街道,以现场公示为准,,党群服务;社区服务,长宁区党群服务和社区活动空间,starter,2026-06-19
普陀区党群服务中心,党群服务中心,31.2495,121.3957,上海市普陀区大渡河路1668号,以现场公示为准,,党群服务;便民服务,普陀区党群服务和公共活动空间,starter,2026-06-19
虹口区党群服务中心,党群服务中心,31.2688,121.5052,上海市虹口区飞虹路518号,以现场公示为准,,党群服务;社区活动,虹口区党群服务和社区便民空间,starter,2026-06-19
杨浦区党群服务中心,党群服务中心,31.2616,121.5260,上海市杨浦区江浦路549号,以现场公示为准,,党群服务;社区服务,杨浦区党群服务和社区活动空间,starter,2026-06-19
静安寺街道社区食堂,社区食堂,31.2232,121.4454,上海市静安区静安寺街道,以现场公示为准,,社区食堂;便民用餐,适合学习途中就近用餐的社区餐饮点,starter,2026-06-19
南京东路街道社区食堂,社区食堂,31.2369,121.4805,上海市黄浦区南京东路街道,以现场公示为准,,社区食堂;便民用餐,中心城区社区便民用餐空间,starter,2026-06-19
五里桥街道社区食堂,社区食堂,31.2055,121.4773,上海市黄浦区五里桥街道,以现场公示为准,,社区食堂;便民用餐,面向周边居民和学习人群的便民餐点,starter,2026-06-19
斜土路街道社区食堂,社区食堂,31.1937,121.4580,上海市徐汇区斜土路街道,以现场公示为准,,社区食堂;便民用餐,徐汇区社区便民用餐空间,starter,2026-06-19
天山路街道社区食堂,社区食堂,31.2148,121.4133,上海市长宁区天山路街道,以现场公示为准,,社区食堂;便民用餐,长宁区社区便民用餐空间,starter,2026-06-19
曹杨新村街道社区食堂,社区食堂,31.2432,121.4144,上海市普陀区曹杨新村街道,以现场公示为准,,社区食堂;便民用餐,普陀区社区便民用餐空间,starter,2026-06-19
四川北路街道社区食堂,社区食堂,31.2603,121.4840,上海市虹口区四川北路街道,以现场公示为准,,社区食堂;便民用餐,虹口区社区便民用餐空间,starter,2026-06-19
五角场街道社区食堂,社区食堂,31.3037,121.5146,上海市杨浦区五角场街道,以现场公示为准,,社区食堂;便民用餐,杨浦区社区便民用餐空间,starter,2026-06-19
思南书局,书店,31.2139,121.4662,上海市黄浦区复兴中路517号,以现场公示为准,,书店;阅读;人文,人文气质浓厚的书店空间适合阅读和选书,starter,2026-06-19
朵云书院旗舰店,书店,31.2397,121.5036,上海市浦东新区银城中路501号上海中心大厦52层,以现场公示为准,,书店;阅读;城市景观,高层文化书店适合阅读选书和城市观景,starter,2026-06-19
钟书阁徐汇店,书店,31.1860,121.4360,上海市徐汇区绿地缤纷城,以现场公示为准,,书店;阅读,适合选书和短时阅读停留的书店空间,starter,2026-06-19
上海书城福州路店,书店,31.2334,121.4806,上海市黄浦区福州路465号,以现场公示为准,,书店;图书;阅读,福州路传统图书零售空间适合集中选书,starter,2026-06-19
建投书局上海浦江店,书店,31.2443,121.4965,上海市虹口区公平路18号,以现场公示为准,,书店;阅读;文化活动,滨江区域书店空间适合阅读和文化活动,starter,2026-06-19
衡山和集,书店,31.2042,121.4462,上海市徐汇区衡山路880号,以现场公示为准,,书店;阅读;生活方式,衡山路附近的复合阅读和生活方式空间,starter,2026-06-19
大隐书局创智天地店,书店,31.3011,121.5138,上海市杨浦区淞沪路388号创智天地,以现场公示为准,,书店;阅读;咖啡,五角场附近适合阅读和交流的书店空间,starter,2026-06-19
言几又上海长宁来福士店,书店,31.2173,121.4179,上海市长宁区长宁路1123号长宁来福士,以现场公示为准,,书店;阅读;商业综合体,商业综合体内的阅读和选书空间,starter,2026-06-19
徐家汇自习室,自习室,31.1939,121.4364,上海市徐汇区徐家汇商圈,以现场公示为准,,自习室;付费座位;安静学习,徐家汇周边适合长时间学习的自习空间,starter,2026-06-19
人民广场自习室,自习室,31.2326,121.4755,上海市黄浦区人民广场商圈,以现场公示为准,,自习室;付费座位;备考,人民广场周边适合通勤学习和备考的自习空间,starter,2026-06-19
五角场自习室,自习室,31.3037,121.5146,上海市杨浦区五角场商圈,以现场公示为准,,自习室;付费座位;安静学习,五角场周边适合长时间学习的自习空间,starter,2026-06-19
陆家嘴自习室,自习室,31.2396,121.4998,上海市浦东新区陆家嘴商圈,以现场公示为准,,自习室;付费座位;办公学习,陆家嘴周边适合下班后学习的自习空间,starter,2026-06-19
中山公园自习室,自习室,31.2197,121.4170,上海市长宁区中山公园商圈,以现场公示为准,,自习室;付费座位;安静学习,中山公园周边适合阅读和备考的自习空间,starter,2026-06-19
静安寺自习室,自习室,31.2230,121.4456,上海市静安区静安寺商圈,以现场公示为准,,自习室;付费座位;备考,静安寺周边适合短时和长时学习的自习空间,starter,2026-06-19
